-- CheerCast Demo Gym Seed Data
-- All Star Athletics: 40 athletes, 4 teams

-- GYM
insert into gyms (id, name, owner_name, email, phone, address, subscription_tier, settings)
values (
  'aaaaaaaa-0000-0000-0000-000000000001',
  'All Star Athletics',
  'Coach Demo',
  'demo@allstarathletics.com',
  '(555) 123-4567',
  '123 Champion Way, Demoville, PA 19000',
  'design_partner',
  '{"season_start_date": "2025-08-01", "eval_date": "2025-07-15"}'
);

-- SENIOR ELITE L4 ATHLETES (Black Diamonds)
insert into athletes (id, gym_id, first_name, last_name, date_of_birth, parent_name, parent_email, parent_phone, height_inches, status, current_level, current_tier, age_division, join_date) values
('a0000001-0000-0000-0000-000000000001', 'aaaaaaaa-0000-0000-0000-000000000001', 'Mia', 'Thompson', '2008-03-14', 'Sarah Thompson', 'sarah.t@email.com', '(555) 201-0001', 63, 'active', '4', 'elite', 'senior', '2019-08-01'),
('a0000001-0000-0000-0000-000000000002', 'aaaaaaaa-0000-0000-0000-000000000001', 'Avery', 'Williams', '2007-11-22', 'Kim Williams', 'kim.w@email.com', '(555) 201-0002', 61, 'active', '4', 'elite', 'senior', '2018-08-01'),
('a0000001-0000-0000-0000-000000000003', 'aaaaaaaa-0000-0000-0000-000000000001', 'Brooklyn', 'Davis', '2008-05-09', 'Jen Davis', 'jen.d@email.com', '(555) 201-0003', 59, 'active', '4', 'elite', 'senior', '2020-08-01'),
('a0000001-0000-0000-0000-000000000004', 'aaaaaaaa-0000-0000-0000-000000000001', 'Chloe', 'Martinez', '2007-08-17', 'Rosa Martinez', 'rosa.m@email.com', '(555) 201-0004', 62, 'active', '4', 'elite', 'senior', '2019-08-01'),
('a0000001-0000-0000-0000-000000000005', 'aaaaaaaa-0000-0000-0000-000000000001', 'Ella', 'Johnson', '2008-01-30', 'Diane Johnson', 'diane.j@email.com', '(555) 201-0005', 60, 'active', '4', 'elite', 'senior', '2021-08-01'),
('a0000001-0000-0000-0000-000000000006', 'aaaaaaaa-0000-0000-0000-000000000001', 'Grace', 'Lee', '2007-06-12', 'Amy Lee', 'amy.l@email.com', '(555) 201-0006', 64, 'active', '4', 'elite', 'senior', '2018-08-01'),
('a0000001-0000-0000-0000-000000000007', 'aaaaaaaa-0000-0000-0000-000000000001', 'Harper', 'Wilson', '2008-09-04', 'Tina Wilson', 'tina.w@email.com', '(555) 201-0007', 58, 'active', '4', 'elite', 'senior', '2020-08-01'),
('a0000001-0000-0000-0000-000000000008', 'aaaaaaaa-0000-0000-0000-000000000001', 'Isabella', 'Moore', '2007-12-19', 'Pam Moore', 'pam.m@email.com', '(555) 201-0008', 61, 'active', '4', 'elite', 'senior', '2019-08-01'),
('a0000001-0000-0000-0000-000000000009', 'aaaaaaaa-0000-0000-0000-000000000001', 'Jade', 'Taylor', '2008-04-25', 'Lynn Taylor', 'lynn.t@email.com', '(555) 201-0009', 60, 'active', '4', 'elite', 'senior', '2021-08-01'),
('a0000001-0000-0000-0000-000000000010', 'aaaaaaaa-0000-0000-0000-000000000001', 'Kayla', 'Anderson', '2007-07-08', 'Beth Anderson', 'beth.a@email.com', '(555) 201-0010', 63, 'active', '4', 'elite', 'senior', '2018-08-01'),
('a0000001-0000-0000-0000-000000000011', 'aaaaaaaa-0000-0000-0000-000000000001', 'Lily', 'Thomas', '2008-02-14', 'Carol Thomas', 'carol.t@email.com', '(555) 201-0011', 59, 'active', '4', 'elite', 'senior', '2020-08-01'),
('a0000001-0000-0000-0000-000000000012', 'aaaaaaaa-0000-0000-0000-000000000001', 'Madison', 'Jackson', '2007-10-31', 'Sue Jackson', 'sue.j@email.com', '(555) 201-0012', 62, 'active', '4', 'elite', 'senior', '2019-08-01');

-- JUNIOR ELITE L3 ATHLETES (Storm)
insert into athletes (id, gym_id, first_name, last_name, date_of_birth, parent_name, parent_email, parent_phone, height_inches, status, current_level, current_tier, age_division, join_date) values
('a0000001-0000-0000-0000-000000000013', 'aaaaaaaa-0000-0000-0000-000000000001', 'Natalie', 'White', '2010-05-03', 'Karen White', 'karen.w@email.com', '(555) 201-0013', 57, 'active', '3', 'elite', 'junior', '2020-08-01'),
('a0000001-0000-0000-0000-000000000014', 'aaaaaaaa-0000-0000-0000-000000000001', 'Olivia', 'Harris', '2011-08-16', 'Meg Harris', 'meg.h@email.com', '(555) 201-0014', 55, 'active', '3', 'elite', 'junior', '2021-08-01'),
('a0000001-0000-0000-0000-000000000015', 'aaaaaaaa-0000-0000-0000-000000000001', 'Paige', 'Clark', '2010-11-29', 'Lisa Clark', 'lisa.c@email.com', '(555) 201-0015', 58, 'active', '3', 'elite', 'junior', '2020-08-01'),
('a0000001-0000-0000-0000-000000000016', 'aaaaaaaa-0000-0000-0000-000000000001', 'Quinn', 'Lewis', '2011-03-07', 'Donna Lewis', 'donna.l@email.com', '(555) 201-0016', 56, 'active', '3', 'elite', 'junior', '2022-08-01'),
('a0000001-0000-0000-0000-000000000017', 'aaaaaaaa-0000-0000-0000-000000000001', 'Riley', 'Robinson', '2010-07-22', 'Ann Robinson', 'ann.r@email.com', '(555) 201-0017', 59, 'active', '3', 'elite', 'junior', '2021-08-01'),
('a0000001-0000-0000-0000-000000000018', 'aaaaaaaa-0000-0000-0000-000000000001', 'Savannah', 'Walker', '2011-01-11', 'Peg Walker', 'peg.w@email.com', '(555) 201-0018', 54, 'active', '3', 'elite', 'junior', '2022-08-01'),
('a0000001-0000-0000-0000-000000000019', 'aaaaaaaa-0000-0000-0000-000000000001', 'Taylor', 'Hall', '2010-09-18', 'Gail Hall', 'gail.h@email.com', '(555) 201-0019', 57, 'active', '3', 'elite', 'junior', '2020-08-01'),
('a0000001-0000-0000-0000-000000000020', 'aaaaaaaa-0000-0000-0000-000000000001', 'Uma', 'Allen', '2011-06-05', 'Pat Allen', 'pat.a@email.com', '(555) 201-0020', 55, 'active', '3', 'elite', 'junior', '2022-08-01'),
('a0000001-0000-0000-0000-000000000021', 'aaaaaaaa-0000-0000-0000-000000000001', 'Violet', 'Young', '2010-12-28', 'Helen Young', 'helen.y@email.com', '(555) 201-0021', 58, 'active', '3', 'elite', 'junior', '2021-08-01'),
('a0000001-0000-0000-0000-000000000022', 'aaaaaaaa-0000-0000-0000-000000000001', 'Whitney', 'Hernandez', '2011-04-14', 'Maria Hernandez', 'maria.h@email.com', '(555) 201-0022', 56, 'active', '3', 'elite', 'junior', '2022-08-01'),
('a0000001-0000-0000-0000-000000000023', 'aaaaaaaa-0000-0000-0000-000000000001', 'Xena', 'King', '2010-02-09', 'Barb King', 'barb.k@email.com', '(555) 201-0023', 57, 'active', '3', 'elite', 'junior', '2020-08-01');

-- YOUTH PREP L2 ATHLETES (Lightning)
insert into athletes (id, gym_id, first_name, last_name, date_of_birth, parent_name, parent_email, parent_phone, height_inches, status, current_level, current_tier, age_division, join_date) values
('a0000001-0000-0000-0000-000000000024', 'aaaaaaaa-0000-0000-0000-000000000001', 'Yasmine', 'Scott', '2013-06-20', 'Tracy Scott', 'tracy.s@email.com', '(555) 201-0024', 52, 'active', '2', 'prep', 'youth', '2022-08-01'),
('a0000001-0000-0000-0000-000000000025', 'aaaaaaaa-0000-0000-0000-000000000001', 'Zoey', 'Green', '2012-10-05', 'Nancy Green', 'nancy.g@email.com', '(555) 201-0025', 54, 'active', '2', 'prep', 'youth', '2021-08-01'),
('a0000001-0000-0000-0000-000000000026', 'aaaaaaaa-0000-0000-0000-000000000001', 'Amber', 'Adams', '2013-02-17', 'Julie Adams', 'julie.a@email.com', '(555) 201-0026', 51, 'active', '2', 'prep', 'youth', '2023-08-01'),
('a0000001-0000-0000-0000-000000000027', 'aaaaaaaa-0000-0000-0000-000000000001', 'Brianna', 'Baker', '2012-08-30', 'Cindy Baker', 'cindy.b@email.com', '(555) 201-0027', 53, 'active', '2', 'prep', 'youth', '2022-08-01'),
('a0000001-0000-0000-0000-000000000028', 'aaaaaaaa-0000-0000-0000-000000000001', 'Cassidy', 'Gonzalez', '2013-04-12', 'Eva Gonzalez', 'eva.g@email.com', '(555) 201-0028', 50, 'active', '2', 'prep', 'youth', '2023-08-01'),
('a0000001-0000-0000-0000-000000000029', 'aaaaaaaa-0000-0000-0000-000000000001', 'Danielle', 'Nelson', '2012-12-24', 'Fran Nelson', 'fran.n@email.com', '(555) 201-0029', 52, 'active', '2', 'prep', 'youth', '2022-08-01'),
('a0000001-0000-0000-0000-000000000030', 'aaaaaaaa-0000-0000-0000-000000000001', 'Emma', 'Carter', '2013-07-08', 'Grace Carter', 'grace.c@email.com', '(555) 201-0030', 51, 'active', '2', 'prep', 'youth', '2023-08-01'),
('a0000001-0000-0000-0000-000000000031', 'aaaaaaaa-0000-0000-0000-000000000001', 'Fiona', 'Mitchell', '2012-11-15', 'Holly Mitchell', 'holly.m@email.com', '(555) 201-0031', 53, 'active', '2', 'prep', 'youth', '2021-08-01'),
('a0000001-0000-0000-0000-000000000032', 'aaaaaaaa-0000-0000-0000-000000000001', 'Georgia', 'Perez', '2013-03-27', 'Isabel Perez', 'isabel.p@email.com', '(555) 201-0032', 50, 'active', '2', 'prep', 'youth', '2023-08-01'),
('a0000001-0000-0000-0000-000000000033', 'aaaaaaaa-0000-0000-0000-000000000001', 'Hannah', 'Roberts', '2012-09-19', 'Janet Roberts', 'janet.r@email.com', '(555) 201-0033', 52, 'active', '2', 'prep', 'youth', '2022-08-01');

-- MINI NOVICE L1 ATHLETES (Sparks)
insert into athletes (id, gym_id, first_name, last_name, date_of_birth, parent_name, parent_email, parent_phone, height_inches, status, current_level, current_tier, age_division, join_date) values
('a0000001-0000-0000-0000-000000000034', 'aaaaaaaa-0000-0000-0000-000000000001', 'Ivy', 'Turner', '2016-05-14', 'Kelly Turner', 'kelly.t@email.com', '(555) 201-0034', 46, 'active', '1', 'novice', 'mini', '2023-08-01'),
('a0000001-0000-0000-0000-000000000035', 'aaaaaaaa-0000-0000-0000-000000000001', 'Jenna', 'Phillips', '2015-09-02', 'Laura Phillips', 'laura.p@email.com', '(555) 201-0035', 48, 'active', '1', 'novice', 'mini', '2023-08-01'),
('a0000001-0000-0000-0000-000000000036', 'aaaaaaaa-0000-0000-0000-000000000001', 'Kira', 'Campbell', '2016-01-28', 'Michelle Campbell', 'michelle.c@email.com', '(555) 201-0036', 45, 'active', '1', 'novice', 'mini', '2024-08-01'),
('a0000001-0000-0000-0000-000000000037', 'aaaaaaaa-0000-0000-0000-000000000001', 'Luna', 'Parker', '2015-11-16', 'Nina Parker', 'nina.p@email.com', '(555) 201-0037', 47, 'active', '1', 'novice', 'mini', '2023-08-01'),
('a0000001-0000-0000-0000-000000000038', 'aaaaaaaa-0000-0000-0000-000000000001', 'Maya', 'Evans', '2016-07-04', 'Olivia Evans', 'olivia.e@email.com', '(555) 201-0038', 44, 'active', '1', 'novice', 'mini', '2024-08-01'),
('a0000001-0000-0000-0000-000000000039', 'aaaaaaaa-0000-0000-0000-000000000001', 'Nora', 'Edwards', '2015-03-22', 'Paula Edwards', 'paula.e@email.com', '(555) 201-0039', 48, 'active', '1', 'novice', 'mini', '2023-08-01'),
('a0000001-0000-0000-0000-000000000040', 'aaaaaaaa-0000-0000-0000-000000000001', 'Piper', 'Collins', '2016-10-10', 'Quinn Collins', 'quinn.c@email.com', '(555) 201-0040', 45, 'active', '1', 'novice', 'mini', '2024-08-01');

-- ATHLETE PREFERENCES
insert into athlete_preferences (athlete_id, gym_id, preferred_roles, preferred_tier, willing_crossover, priority, age_preference) values
('a0000001-0000-0000-0000-000000000001', 'aaaaaaaa-0000-0000-0000-000000000001', '["flyer"]', 'elite', false, 'flying', 'same_age'),
('a0000001-0000-0000-0000-000000000002', 'aaaaaaaa-0000-0000-0000-000000000001', '["flyer","back_spot"]', 'elite', true, 'level_advancement', 'no_preference'),
('a0000001-0000-0000-0000-000000000003', 'aaaaaaaa-0000-0000-0000-000000000001', '["base"]', 'elite', false, 'no_preference', 'same_age'),
('a0000001-0000-0000-0000-000000000004', 'aaaaaaaa-0000-0000-0000-000000000001', '["base","front_spot"]', 'elite', false, 'no_preference', 'no_preference'),
('a0000001-0000-0000-0000-000000000005', 'aaaaaaaa-0000-0000-0000-000000000001', '["flyer"]', 'elite', false, 'flying', 'same_age'),
('a0000001-0000-0000-0000-000000000006', 'aaaaaaaa-0000-0000-0000-000000000001', '["back_spot"]', 'elite', false, 'no_preference', 'no_preference'),
('a0000001-0000-0000-0000-000000000007', 'aaaaaaaa-0000-0000-0000-000000000001', '["flyer"]', 'elite', true, 'flying', 'same_age'),
('a0000001-0000-0000-0000-000000000008', 'aaaaaaaa-0000-0000-0000-000000000001', '["base"]', 'elite', false, 'no_preference', 'no_preference'),
('a0000001-0000-0000-0000-000000000009', 'aaaaaaaa-0000-0000-0000-000000000001', '["flyer","base"]', 'elite', true, 'level_advancement', 'no_preference'),
('a0000001-0000-0000-0000-000000000010', 'aaaaaaaa-0000-0000-0000-000000000001', '["back_spot"]', 'elite', false, 'no_preference', 'no_preference'),
('a0000001-0000-0000-0000-000000000011', 'aaaaaaaa-0000-0000-0000-000000000001', '["base"]', 'elite', false, 'no_preference', 'same_age'),
('a0000001-0000-0000-0000-000000000012', 'aaaaaaaa-0000-0000-0000-000000000001', '["flyer"]', 'elite', false, 'flying', 'same_age'),
('a0000001-0000-0000-0000-000000000013', 'aaaaaaaa-0000-0000-0000-000000000001', '["flyer"]', 'elite', false, 'flying', 'same_age'),
('a0000001-0000-0000-0000-000000000014', 'aaaaaaaa-0000-0000-0000-000000000001', '["base","back_spot"]', 'elite', false, 'no_preference', 'no_preference'),
('a0000001-0000-0000-0000-000000000015', 'aaaaaaaa-0000-0000-0000-000000000001', '["flyer"]', 'elite', true, 'flying', 'same_age'),
('a0000001-0000-0000-0000-000000000016', 'aaaaaaaa-0000-0000-0000-000000000001', '["base"]', 'elite', false, 'no_preference', 'no_preference'),
('a0000001-0000-0000-0000-000000000017', 'aaaaaaaa-0000-0000-0000-000000000001', '["back_spot"]', 'elite', false, 'no_preference', 'no_preference'),
('a0000001-0000-0000-0000-000000000018', 'aaaaaaaa-0000-0000-0000-000000000001', '["flyer"]', 'elite', false, 'flying', 'same_age'),
('a0000001-0000-0000-0000-000000000019', 'aaaaaaaa-0000-0000-0000-000000000001', '["base"]', 'elite', false, 'level_advancement', 'no_preference'),
('a0000001-0000-0000-0000-000000000020', 'aaaaaaaa-0000-0000-0000-000000000001', '["flyer","base"]', 'elite', true, 'flying', 'no_preference'),
('a0000001-0000-0000-0000-000000000021', 'aaaaaaaa-0000-0000-0000-000000000001', '["back_spot"]', 'elite', false, 'no_preference', 'same_age'),
('a0000001-0000-0000-0000-000000000022', 'aaaaaaaa-0000-0000-0000-000000000001', '["base"]', 'elite', false, 'no_preference', 'no_preference'),
('a0000001-0000-0000-0000-000000000023', 'aaaaaaaa-0000-0000-0000-000000000001', '["flyer"]', 'elite', false, 'flying', 'same_age'),
('a0000001-0000-0000-0000-000000000024', 'aaaaaaaa-0000-0000-0000-000000000001', '["flyer"]', 'prep', false, 'flying', 'same_age'),
('a0000001-0000-0000-0000-000000000025', 'aaaaaaaa-0000-0000-0000-000000000001', '["base"]', 'prep', false, 'no_preference', 'no_preference'),
('a0000001-0000-0000-0000-000000000026', 'aaaaaaaa-0000-0000-0000-000000000001', '["flyer"]', 'prep', false, 'flying', 'same_age'),
('a0000001-0000-0000-0000-000000000027', 'aaaaaaaa-0000-0000-0000-000000000001', '["base","back_spot"]', 'prep', false, 'no_preference', 'no_preference'),
('a0000001-0000-0000-0000-000000000028', 'aaaaaaaa-0000-0000-0000-000000000001', '["flyer"]', 'prep', false, 'flying', 'same_age'),
('a0000001-0000-0000-0000-000000000029', 'aaaaaaaa-0000-0000-0000-000000000001', '["base"]', 'prep', false, 'no_preference', 'no_preference'),
('a0000001-0000-0000-0000-000000000030', 'aaaaaaaa-0000-0000-0000-000000000001', '["flyer"]', 'prep', true, 'flying', 'same_age'),
('a0000001-0000-0000-0000-000000000031', 'aaaaaaaa-0000-0000-0000-000000000001', '["back_spot"]', 'prep', false, 'no_preference', 'no_preference'),
('a0000001-0000-0000-0000-000000000032', 'aaaaaaaa-0000-0000-0000-000000000001', '["base"]', 'prep', false, 'no_preference', 'no_preference'),
('a0000001-0000-0000-0000-000000000033', 'aaaaaaaa-0000-0000-0000-000000000001', '["flyer"]', 'prep', false, 'flying', 'same_age'),
('a0000001-0000-0000-0000-000000000034', 'aaaaaaaa-0000-0000-0000-000000000001', '["flyer"]', 'novice', false, 'flying', 'same_age'),
('a0000001-0000-0000-0000-000000000035', 'aaaaaaaa-0000-0000-0000-000000000001', '["base"]', 'novice', false, 'no_preference', 'no_preference'),
('a0000001-0000-0000-0000-000000000036', 'aaaaaaaa-0000-0000-0000-000000000001', '["flyer"]', 'novice', false, 'flying', 'same_age'),
('a0000001-0000-0000-0000-000000000037', 'aaaaaaaa-0000-0000-0000-000000000001', '["base"]', 'novice', false, 'no_preference', 'no_preference'),
('a0000001-0000-0000-0000-000000000038', 'aaaaaaaa-0000-0000-0000-000000000001', '["flyer"]', 'novice', false, 'flying', 'same_age'),
('a0000001-0000-0000-0000-000000000039', 'aaaaaaaa-0000-0000-0000-000000000001', '["back_spot"]', 'novice', false, 'no_preference', 'no_preference'),
('a0000001-0000-0000-0000-000000000040', 'aaaaaaaa-0000-0000-0000-000000000001', '["base"]', 'novice', false, 'no_preference', 'no_preference');

-- TEAMS
insert into teams (id, gym_id, name, level, tier, age_division, season_year, status, max_athletes, is_anchor_team) values
('cc000001-0000-0000-0000-000000000001', 'aaaaaaaa-0000-0000-0000-000000000001', 'Black Diamonds', '4', 'elite', 'senior', 2026, 'forming', 20, true),
('cc000002-0000-0000-0000-000000000001', 'aaaaaaaa-0000-0000-0000-000000000001', 'Storm', '3', 'elite', 'junior', 2026, 'forming', 20, false),
('cc000003-0000-0000-0000-000000000001', 'aaaaaaaa-0000-0000-0000-000000000001', 'Lightning', '2', 'prep', 'youth', 2026, 'forming', 20, false),
('cc000004-0000-0000-0000-000000000001', 'aaaaaaaa-0000-0000-0000-000000000001', 'Sparks', '1', 'novice', 'mini', 2026, 'forming', 15, false);

-- TEAM ATHLETES
insert into team_athletes (team_id, athlete_id, gym_id, is_primary_team, status) values
('cc000001-0000-0000-0000-000000000001', 'a0000001-0000-0000-0000-000000000001', 'aaaaaaaa-0000-0000-0000-000000000001', true, 'active'),
('cc000001-0000-0000-0000-000000000001', 'a0000001-0000-0000-0000-000000000002', 'aaaaaaaa-0000-0000-0000-000000000001', true, 'active'),
('cc000001-0000-0000-0000-000000000001', 'a0000001-0000-0000-0000-000000000003', 'aaaaaaaa-0000-0000-0000-000000000001', true, 'active'),
('cc000001-0000-0000-0000-000000000001', 'a0000001-0000-0000-0000-000000000004', 'aaaaaaaa-0000-0000-0000-000000000001', true, 'active'),
('cc000001-0000-0000-0000-000000000001', 'a0000001-0000-0000-0000-000000000005', 'aaaaaaaa-0000-0000-0000-000000000001', true, 'active'),
('cc000001-0000-0000-0000-000000000001', 'a0000001-0000-0000-0000-000000000006', 'aaaaaaaa-0000-0000-0000-000000000001', true, 'active'),
('cc000001-0000-0000-0000-000000000001', 'a0000001-0000-0000-0000-000000000007', 'aaaaaaaa-0000-0000-0000-000000000001', true, 'active'),
('cc000001-0000-0000-0000-000000000001', 'a0000001-0000-0000-0000-000000000008', 'aaaaaaaa-0000-0000-0000-000000000001', true, 'active'),
('cc000001-0000-0000-0000-000000000001', 'a0000001-0000-0000-0000-000000000009', 'aaaaaaaa-0000-0000-0000-000000000001', true, 'active'),
('cc000001-0000-0000-0000-000000000001', 'a0000001-0000-0000-0000-000000000010', 'aaaaaaaa-0000-0000-0000-000000000001', true, 'active'),
('cc000001-0000-0000-0000-000000000001', 'a0000001-0000-0000-0000-000000000011', 'aaaaaaaa-0000-0000-0000-000000000001', true, 'active'),
('cc000001-0000-0000-0000-000000000001', 'a0000001-0000-0000-0000-000000000012', 'aaaaaaaa-0000-0000-0000-000000000001', true, 'active'),
('cc000002-0000-0000-0000-000000000001', 'a0000001-0000-0000-0000-000000000013', 'aaaaaaaa-0000-0000-0000-000000000001', true, 'active'),
('cc000002-0000-0000-0000-000000000001', 'a0000001-0000-0000-0000-000000000014', 'aaaaaaaa-0000-0000-0000-000000000001', true, 'active'),
('cc000002-0000-0000-0000-000000000001', 'a0000001-0000-0000-0000-000000000015', 'aaaaaaaa-0000-0000-0000-000000000001', true, 'active'),
('cc000002-0000-0000-0000-000000000001', 'a0000001-0000-0000-0000-000000000016', 'aaaaaaaa-0000-0000-0000-000000000001', true, 'active'),
('cc000002-0000-0000-0000-000000000001', 'a0000001-0000-0000-0000-000000000017', 'aaaaaaaa-0000-0000-0000-000000000001', true, 'active'),
('cc000002-0000-0000-0000-000000000001', 'a0000001-0000-0000-0000-000000000018', 'aaaaaaaa-0000-0000-0000-000000000001', true, 'active'),
('cc000002-0000-0000-0000-000000000001', 'a0000001-0000-0000-0000-000000000019', 'aaaaaaaa-0000-0000-0000-000000000001', true, 'active'),
('cc000002-0000-0000-0000-000000000001', 'a0000001-0000-0000-0000-000000000020', 'aaaaaaaa-0000-0000-0000-000000000001', true, 'active'),
('cc000002-0000-0000-0000-000000000001', 'a0000001-0000-0000-0000-000000000021', 'aaaaaaaa-0000-0000-0000-000000000001', true, 'active'),
('cc000002-0000-0000-0000-000000000001', 'a0000001-0000-0000-0000-000000000022', 'aaaaaaaa-0000-0000-0000-000000000001', true, 'active'),
('cc000002-0000-0000-0000-000000000001', 'a0000001-0000-0000-0000-000000000023', 'aaaaaaaa-0000-0000-0000-000000000001', true, 'active'),
('cc000003-0000-0000-0000-000000000001', 'a0000001-0000-0000-0000-000000000024', 'aaaaaaaa-0000-0000-0000-000000000001', true, 'active'),
('cc000003-0000-0000-0000-000000000001', 'a0000001-0000-0000-0000-000000000025', 'aaaaaaaa-0000-0000-0000-000000000001', true, 'active'),
('cc000003-0000-0000-0000-000000000001', 'a0000001-0000-0000-0000-000000000026', 'aaaaaaaa-0000-0000-0000-000000000001', true, 'active'),
('cc000003-0000-0000-0000-000000000001', 'a0000001-0000-0000-0000-000000000027', 'aaaaaaaa-0000-0000-0000-000000000001', true, 'active'),
('cc000003-0000-0000-0000-000000000001', 'a0000001-0000-0000-0000-000000000028', 'aaaaaaaa-0000-0000-0000-000000000001', true, 'active'),
('cc000003-0000-0000-0000-000000000001', 'a0000001-0000-0000-0000-000000000029', 'aaaaaaaa-0000-0000-0000-000000000001', true, 'active'),
('cc000003-0000-0000-0000-000000000001', 'a0000001-0000-0000-0000-000000000030', 'aaaaaaaa-0000-0000-0000-000000000001', true, 'active'),
('cc000003-0000-0000-0000-000000000001', 'a0000001-0000-0000-0000-000000000031', 'aaaaaaaa-0000-0000-0000-000000000001', true, 'active'),
('cc000003-0000-0000-0000-000000000001', 'a0000001-0000-0000-0000-000000000032', 'aaaaaaaa-0000-0000-0000-000000000001', true, 'active'),
('cc000003-0000-0000-0000-000000000001', 'a0000001-0000-0000-0000-000000000033', 'aaaaaaaa-0000-0000-0000-000000000001', true, 'active'),
('cc000004-0000-0000-0000-000000000001', 'a0000001-0000-0000-0000-000000000034', 'aaaaaaaa-0000-0000-0000-000000000001', true, 'active'),
('cc000004-0000-0000-0000-000000000001', 'a0000001-0000-0000-0000-000000000035', 'aaaaaaaa-0000-0000-0000-000000000001', true, 'active'),
('cc000004-0000-0000-0000-000000000001', 'a0000001-0000-0000-0000-000000000036', 'aaaaaaaa-0000-0000-0000-000000000001', true, 'active'),
('cc000004-0000-0000-0000-000000000001', 'a0000001-0000-0000-0000-000000000037', 'aaaaaaaa-0000-0000-0000-000000000001', true, 'active'),
('cc000004-0000-0000-0000-000000000001', 'a0000001-0000-0000-0000-000000000038', 'aaaaaaaa-0000-0000-0000-000000000001', true, 'active'),
('cc000004-0000-0000-0000-000000000001', 'a0000001-0000-0000-0000-000000000039', 'aaaaaaaa-0000-0000-0000-000000000001', true, 'active'),
('cc000004-0000-0000-0000-000000000001', 'a0000001-0000-0000-0000-000000000040', 'aaaaaaaa-0000-0000-0000-000000000001', true, 'active');

-- UPDATE current_team_id ON ATHLETES
update athletes set current_team_id = 'cc000001-0000-0000-0000-000000000001' where id in ('a0000001-0000-0000-0000-000000000001','a0000001-0000-0000-0000-000000000002','a0000001-0000-0000-0000-000000000003','a0000001-0000-0000-0000-000000000004','a0000001-0000-0000-0000-000000000005','a0000001-0000-0000-0000-000000000006','a0000001-0000-0000-0000-000000000007','a0000001-0000-0000-0000-000000000008','a0000001-0000-0000-0000-000000000009','a0000001-0000-0000-0000-000000000010','a0000001-0000-0000-0000-000000000011','a0000001-0000-0000-0000-000000000012');
update athletes set current_team_id = 'cc000002-0000-0000-0000-000000000001' where id in ('a0000001-0000-0000-0000-000000000013','a0000001-0000-0000-0000-000000000014','a0000001-0000-0000-0000-000000000015','a0000001-0000-0000-0000-000000000016','a0000001-0000-0000-0000-000000000017','a0000001-0000-0000-0000-000000000018','a0000001-0000-0000-0000-000000000019','a0000001-0000-0000-0000-000000000020','a0000001-0000-0000-0000-000000000021','a0000001-0000-0000-0000-000000000022','a0000001-0000-0000-0000-000000000023');
update athletes set current_team_id = 'cc000003-0000-0000-0000-000000000001' where id in ('a0000001-0000-0000-0000-000000000024','a0000001-0000-0000-0000-000000000025','a0000001-0000-0000-0000-000000000026','a0000001-0000-0000-0000-000000000027','a0000001-0000-0000-0000-000000000028','a0000001-0000-0000-0000-000000000029','a0000001-0000-0000-0000-000000000030','a0000001-0000-0000-0000-000000000031','a0000001-0000-0000-0000-000000000032','a0000001-0000-0000-0000-000000000033');
update athletes set current_team_id = 'cc000004-0000-0000-0000-000000000001' where id in ('a0000001-0000-0000-0000-000000000034','a0000001-0000-0000-0000-000000000035','a0000001-0000-0000-0000-000000000036','a0000001-0000-0000-0000-000000000037','a0000001-0000-0000-0000-000000000038','a0000001-0000-0000-0000-000000000039','a0000001-0000-0000-0000-000000000040');
